id,name,email,city,title
1,Leanne Graham,Sincere@april.biz,Gwenborough,sunt aut facere repellat provident occaecati excepturi optio reprehenderit
1,Leanne Graham,Sincere@april.biz,Gwenborough,qui est esse
1,Leanne Graham,Sincere@april.biz,Gwenborough,ea molestias quasi exercitationem repellat qui ipsa sit aut
1,Leanne Graham,Sincere@april.biz,Gwenborough,eum et est occaecati
1,Leanne Graham,Sincere@april.biz,Gwenborough,nesciunt quas odio
1,Leanne Graham,Sincere@april.biz,Gwenborough,dolorem eum magni eos aperiam quia
1,Leanne Graham,Sincere@april.biz,Gwenborough,magnam facilis autem
1,Leanne Graham,Sincere@april.biz,Gwenborough,dolorem dolore est ipsam
1,Leanne Graham,Sincere@april.biz,Gwenborough,nesciunt iure omnis dolorem tempora et accusantium
1,Leanne Graham,Sincere@april.biz,Gwenborough,optio molestias id quia eum
2,Ervin Howell,Shanna@melissa.tv,Wisokyburgh,et ea vero quia laudantium autem
2,Ervin Howell,Shanna@melissa.tv,Wisokyburgh,in quibusdam tempore odit est dolorem
2,Ervin Howell,Shanna@melissa.tv,Wisokyburgh,dolorum ut in voluptas mollitia et saepe quo animi
2,Ervin Howell,Shanna@melissa.tv,Wisokyburgh,voluptatem eligendi optio
2,Ervin Howell,Shanna@melissa.tv,Wisokyburgh,eveniet quod temporibus
2,Ervin Howell,Shanna@melissa.tv,Wisokyburgh,sint suscipit perspiciatis velit dolorum rerum ipsa laboriosam odio
2,Ervin Howell,Shanna@melissa.tv,Wisokyburgh,fugit voluptas sed molestias voluptatem provident
2,Ervin Howell,Shanna@melissa.tv,Wisokyburgh,voluptate et itaque vero tempora molestiae
2,Ervin Howell,Shanna@melissa.tv,Wisokyburgh,adipisci placeat illum aut reiciendis qui
2,Ervin Howell,Shanna@melissa.tv,Wisokyburgh,doloribus ad provident suscipit at
3,Clementine Bauch,Nathan@yesenia.net,McKenziehaven,asperiores ea ipsam voluptatibus modi minima quia sint
3,Clementine Bauch,Nathan@yesenia.net,McKenziehaven,dolor sint quo a velit explicabo quia nam
3,Clementine Bauch,Nathan@yesenia.net,McKenziehaven,maxime id vitae nihil numquam
3,Clementine Bauch,Nathan@yesenia.net,McKenziehaven,autem hic labore sunt dolores incidunt
3,Clementine Bauch,Nathan@yesenia.net,McKenziehaven,rem alias distinctio quo quis
3,Clementine Bauch,Nathan@yesenia.net,McKenziehaven,est et quae odit qui non
3,Clementine Bauch,Nathan@yesenia.net,McKenziehaven,quasi id et eos tenetur aut quo autem
3,Clementine Bauch,Nathan@yesenia.net,McKenziehaven,delectus ullam et corporis nulla voluptas sequi
3,Clementine Bauch,Nathan@yesenia.net,McKenziehaven,iusto eius quod necessitatibus culpa ea
3,Clementine Bauch,Nathan@yesenia.net,McKenziehaven,a quo magni similique perferendis
4,Patricia Lebsack,Julianne.OConner@kory.org,South Elvis,ullam ut quidem id aut vel consequuntur
4,Patricia Lebsack,Julianne.OConner@kory.org,South Elvis,doloremque illum aliquid sunt
4,Patricia Lebsack,Julianne.OConner@kory.org,South Elvis,qui explicabo molestiae dolorem
4,Patricia Lebsack,Julianne.OConner@kory.org,South Elvis,magnam ut rerum iure
4,Patricia Lebsack,Julianne.OConner@kory.org,South Elvis,id nihil consequatur molestias animi provident
4,Patricia Lebsack,Julianne.OConner@kory.org,South Elvis,fuga nam accusamus voluptas reiciendis itaque
4,Patricia Lebsack,Julianne.OConner@kory.org,South Elvis,provident vel ut sit ratione est
4,Patricia Lebsack,Julianne.OConner@kory.org,South Elvis,explicabo et eos deleniti nostrum ab id repellendus
4,Patricia Lebsack,Julianne.OConner@kory.org,South Elvis,eos dolorem iste accusantium est eaque quam
4,Patricia Lebsack,Julianne.OConner@kory.org,South Elvis,enim quo cumque
5,Chelsey Dietrich,Lucio_Hettinger@annie.ca,Roscoeview,non est facere
5,Chelsey Dietrich,Lucio_Hettinger@annie.ca,Roscoeview,commodi ullam sint et excepturi error explicabo praesentium voluptas
5,Chelsey Dietrich,Lucio_Hettinger@annie.ca,Roscoeview,eligendi iste nostrum consequuntur adipisci praesentium sit beatae perferendis
5,Chelsey Dietrich,Lucio_Hettinger@annie.ca,Roscoeview,optio dolor molestias sit
5,Chelsey Dietrich,Lucio_Hettinger@annie.ca,Roscoeview,ut numquam possimus omnis eius suscipit laudantium iure
5,Chelsey Dietrich,Lucio_Hettinger@annie.ca,Roscoeview,aut quo modi neque nostrum ducimus
5,Chelsey Dietrich,Lucio_Hettinger@annie.ca,Roscoeview,quibusdam cumque rem aut deserunt
5,Chelsey Dietrich,Lucio_Hettinger@annie.ca,Roscoeview,ut voluptatem illum ea doloribus itaque eos
5,Chelsey Dietrich,Lucio_Hettinger@annie.ca,Roscoeview,laborum non sunt aut ut assumenda perspiciatis voluptas
5,Chelsey Dietrich,Lucio_Hettinger@annie.ca,Roscoeview,repellendus qui recusandae incidunt voluptates tenetur qui omnis exercitationem
6,Mrs. Dennis Schulist,Karley_Dach@jasper.info,South Christy,soluta aliquam aperiam consequatur illo quis voluptas
6,Mrs. Dennis Schulist,Karley_Dach@jasper.info,South Christy,qui enim et consequuntur quia animi quis voluptate quibusdam
6,Mrs. Dennis Schulist,Karley_Dach@jasper.info,South Christy,ut quo aut ducimus alias
6,Mrs. Dennis Schulist,Karley_Dach@jasper.info,South Christy,sit asperiores ipsam eveniet odio non quia
6,Mrs. Dennis Schulist,Karley_Dach@jasper.info,South Christy,sit vel voluptatem et non libero
6,Mrs. Dennis Schulist,Karley_Dach@jasper.info,South Christy,qui et at rerum necessitatibus
6,Mrs. Dennis Schulist,Karley_Dach@jasper.info,South Christy,sed ab est est
6,Mrs. Dennis Schulist,Karley_Dach@jasper.info,South Christy,voluptatum itaque dolores nisi et quasi
6,Mrs. Dennis Schulist,Karley_Dach@jasper.info,South Christy,qui commodi dolor at maiores et quis id accusantium
6,Mrs. Dennis Schulist,Karley_Dach@jasper.info,South Christy,consequatur placeat omnis quisquam quia reprehenderit fugit veritatis facere
7,Kurtis Weissnat,Telly.Hoeger@billy.biz,Howemouth,voluptatem doloribus consectetur est ut ducimus
7,Kurtis Weissnat,Telly.Hoeger@billy.biz,Howemouth,beatae enim quia vel
7,Kurtis Weissnat,Telly.Hoeger@billy.biz,Howemouth,voluptas blanditiis repellendus animi ducimus error sapiente et suscipit
7,Kurtis Weissnat,Telly.Hoeger@billy.biz,Howemouth,et fugit quas eum in in aperiam quod
7,Kurtis Weissnat,Telly.Hoeger@billy.biz,Howemouth,consequatur id enim sunt et et
7,Kurtis Weissnat,Telly.Hoeger@billy.biz,Howemouth,repudiandae ea animi iusto
7,Kurtis Weissnat,Telly.Hoeger@billy.biz,Howemouth,aliquid eos sed fuga est maxime repellendus
7,Kurtis Weissnat,Telly.Hoeger@billy.biz,Howemouth,odio quis facere architecto reiciendis optio
7,Kurtis Weissnat,Telly.Hoeger@billy.biz,Howemouth,fugiat quod pariatur odit minima
7,Kurtis Weissnat,Telly.Hoeger@billy.biz,Howemouth,voluptatem laborum magni
8,Nicholas Runolfsdottir V,Sherwood@rosamond.me,Aliyaview,et iusto veniam et illum aut fuga
8,Nicholas Runolfsdottir V,Sherwood@rosamond.me,Aliyaview,sint hic doloribus consequatur eos non id
8,Nicholas Runolfsdottir V,Sherwood@rosamond.me,Aliyaview,consequuntur deleniti eos quia temporibus ab aliquid at
8,Nicholas Runolfsdottir V,Sherwood@rosamond.me,Aliyaview,enim unde ratione doloribus quas enim ut sit sapiente
8,Nicholas Runolfsdottir V,Sherwood@rosamond.me,Aliyaview,dignissimos eum dolor ut enim et delectus in
8,Nicholas Runolfsdottir V,Sherwood@rosamond.me,Aliyaview,doloremque officiis ad et non perferendis
8,Nicholas Runolfsdottir V,Sherwood@rosamond.me,Aliyaview,necessitatibus quasi exercitationem odio
8,Nicholas Runolfsdottir V,Sherwood@rosamond.me,Aliyaview,quam voluptatibus rerum veritatis
8,Nicholas Runolfsdottir V,Sherwood@rosamond.me,Aliyaview,pariatur consequatur quia magnam autem omnis non amet
8,Nicholas Runolfsdottir V,Sherwood@rosamond.me,Aliyaview,labore in ex et explicabo corporis aut quas
9,Glenna Reichert,Chaim_McDermott@dana.io,Bartholomebury,tempora rem veritatis voluptas quo dolores vero
9,Glenna Reichert,Chaim_McDermott@dana.io,Bartholomebury,laudantium voluptate suscipit sunt enim enim
9,Glenna Reichert,Chaim_McDermott@dana.io,Bartholomebury,odit et voluptates doloribus alias odio et
9,Glenna Reichert,Chaim_McDermott@dana.io,Bartholomebury,optio ipsam molestias necessitatibus occaecati facilis veritatis dolores aut
9,Glenna Reichert,Chaim_McDermott@dana.io,Bartholomebury,dolore veritatis porro provident adipisci blanditiis et sunt
9,Glenna Reichert,Chaim_McDermott@dana.io,Bartholomebury,placeat quia et porro iste
9,Glenna Reichert,Chaim_McDermott@dana.io,Bartholomebury,nostrum quis quasi placeat
9,Glenna Reichert,Chaim_McDermott@dana.io,Bartholomebury,sapiente omnis fugit eos
9,Glenna Reichert,Chaim_McDermott@dana.io,Bartholomebury,sint soluta et vel magnam aut ut sed qui
9,Glenna Reichert,Chaim_McDermott@dana.io,Bartholomebury,ad iusto omnis odit dolor voluptatibus
10,Clementina DuBuque,Rey.Padberg@karina.biz,Lebsackbury,aut amet sed
10,Clementina DuBuque,Rey.Padberg@karina.biz,Lebsackbury,ratione ex tenetur perferendis
10,Clementina DuBuque,Rey.Padberg@karina.biz,Lebsackbury,beatae soluta recusandae
10,Clementina DuBuque,Rey.Padberg@karina.biz,Lebsackbury,qui qui voluptates illo iste minima
10,Clementina DuBuque,Rey.Padberg@karina.biz,Lebsackbury,id minus libero illum nam ad officiis
10,Clementina DuBuque,Rey.Padberg@karina.biz,Lebsackbury,quaerat velit veniam amet cupiditate aut numquam ut sequi
10,Clementina DuBuque,Rey.Padberg@karina.biz,Lebsackbury,quas fugiat ut perspiciatis vero provident
10,Clementina DuBuque,Rey.Padberg@karina.biz,Lebsackbury,laboriosam dolor voluptates
10,Clementina DuBuque,Rey.Padberg@karina.biz,Lebsackbury,temporibus sit alias delectus eligendi possimus magni
10,Clementina DuBuque,Rey.Padberg@karina.biz,Lebsackbury,at nam consequatur ea labore ea harum
